Initial Pressure,Density,Final Pressure,Final Temperature,Velocity
101325.0,2.484286357784705,1853533.769487187,1482.7233208421001,1687.0197679599255
117323.0,2.8759384969195536,2153780.9279291229,1491.1623310504344,1690.3830666529957
133322.0,3.2675677474826346,2454898.6771131954,1498.4541593732476,1693.2615311822517
149321.0,3.6588354693732583,2756469.0007670452,1504.844406542556,1695.7687800458775
165319.0,4.0502955665380913,3058868.5121214599,1510.5434563490635,1697.9831217067235
181318.0,4.4416923387228318,3361794.3299563816,1515.6677678460776,1699.9611000712027
197317.0,4.8328844977493457,3665061.5489560291,1520.3110140454221,1701.7442976973032
213315.0,5.224026116701153,3968751.6799945198,1524.5554289356385,1703.3643690208892
229314.0,5.6150766262538916,4272780.2497999985,1528.4571163817664,1704.8462259180524
245313.0,6.0060188233997769,4577096.291678776,1532.0632257196439,1706.2094066870786
261311.0,6.3973510593216574,4882103.4366391506,1535.426922565013,1707.4694646135599
277310.0,6.7885085719365401,5187277.6349089211,1538.5607091990091,1708.6396342938042
293309.0,7.1795435711944098,5492641.3066582149,1541.4930165018841,1709.7304499674106
309307.0,7.5702046653798316,5797954.3902048878,1544.2400534724961,1710.7507868480984
325306.0,7.9612884755042312,6103890.5037076259,1546.8396225905492,1711.7082985281879
341305.0,8.3519757281617775,6409716.7727113143,1549.2875821197078,1712.6093590321088
357303.0,8.7426918005535281,6715792.9211365795,1551.6083630683179,1713.4594221858315
373302.0,9.128732185208877,7017964.8662246875,1553.7131407852205,1714.2653173451104
389301.0,9.5197601192507957,7324713.5800221525,1555.8204323956923,1715.0270818992444
405300.0,9.9386149199457154,7656202.0792984981,1558.382567283159,1715.7504578367732
